Date,Event Name,Placement,Earning,int_earning,Ranking,Buy-in,Earning increment
2012-05-15,"$ 355 No Limit Hold'em - Six HandedWSOP Circuit - WSOPC New Orleans, New Orleans",1st,"$ 1,133",1133,1,355.0,1133
2013-11-30,"$ 365 No Limit Hold'em  - Re-Entry WSOP Ring EventWSOP Circuit - WSOPC Atlantic City, Atlantic City",46th,"$ 7,045",7045,46,365.0,8178
2014-03-27,"C$ 1,000 + 100 No Limit Hold'em - WPT Canadian Spring ChampionshipWorld Poker Tour - WPT National Canadian Spring Championship, Kahnawake",46th,"$ 40,860",40860,46,1000.0,49038
2014-05-07,"$ 400 No Limit Hold'emFoxwoods Mega Stack Challenge, Mashantucket",52nd,"$ 49,627",49627,52,400.0,98665
2014-06-09,"$ 215 + 35 No Limit Hold'em Re-EntryFoxwoods Summer Kickoff & WSOP Main Event Qualifiers, Mashantucket",17th,"$ 2,658",2658,17,215.0,101323
2014-06-28,"$ 235 No Limit Hold'emRio Daily Deepstacks 2014, Las Vegas",36th,"$ 12,452",12452,36,235.0,113775
2014-08-21,"$ 580 No Limit Hold'emWSOP Circuit - WSOPC Connecticut, Mashantucket",4th,$ 420,420,4,580.0,114195
2014-08-21,$ 580 No Limit Hold'em,4th,"$ 7,812",7812,4,580.0,122007
2014-09-14,"$ 750 + 100 No Limit Hold'em LSOP Millions IILatin Poker Series Millions II, Panama City",90th,"$ 1,729",1729,90,750.0,123736
2014-10-27,"$ 365 No Limit Hold'em - Turbo #13WSOP Circuit - WSOPC Hammond, Hammond",10th,"$ 9,744",9744,10,365.0,133480
2015-06-16,"$ 1,500 No Limit Hold'em Mix Max (Event #34)46th World Series of Poker - WSOP 2015, Las Vegas",85th,"$ 11,734",11734,85,1500.0,145214
2015-06-25,"$ 3,000 No Limit Hold'em Six Handed (Event #51)46th World Series of Poker - WSOP 2015, Las Vegas",9th,"$ 44,652",44652,9,3000.0,189866
2015-07-01,"$ 1,500 No Limit Hold'em Bounty (Event #62)46th World Series of Poker - WSOP 2015, Las Vegas",73rd,"$ 5,720",5720,73,1500.0,195586
2015-07-08,"$ 1,100 No Limit Hold'em #64Deep Stack Extravaganza III, Las Vegas",211th,"$ 31,990",31990,211,1100.0,227576
2015-08-14,"$ 130 No Limit Hold'em - Mega Millions Series XIII (Event #18)World Poker Tour - WPT Legends Of Poker, Los Angeles (Bell Gardens)",8th,"$ 20,000",20000,8,130.0,247576
2015-10-04,"$ 100 + 30 No Limit Hold'em #16Big Poker Oktober - 2015, Los Angeles (Bell Gardens)",130th,"$ 25,630",25630,130,100.0,273206
2015-11-01,"$ 160 No Limit Hold'em #18Liz Flynt Fall Poker Classic, Gardena",37th,"$ 1,291",1291,37,160.0,274497
2015-12-10,"€ 5,000 + 300 #38 No Limit Hold'em EPT Main EventEuropean Poker Tour - EPT Prague, Prague",149th,$ 792,792,149,5000.0,275289
2015-12-11,"€ 1,000 + 100 #53 Pot Limit Omaha - TurboEuropean Poker Tour - EPT Prague, Prague",12th,"$ 3,881",3881,12,1000.0,279170
2015-12-14,"€ 10,000 + 300 #81 No Limit Hold'em -High Roller -  8 HandedEuropean Poker Tour - EPT Prague, Prague",14th,"$ 20,150",20150,14,10000.0,299320
2016-01-08,"$ 5,300 #26 No Limit Hold'em - PCA Main EventPokerStars Caribbean Adventure - PCA 2016, Paradise Island",97th,"$ 4,470",4470,97,5300.0,303790
2016-02-18,"$ 1,650 No Limit Hold'em Playboy #40World Poker Tour - WPT L.A Poker Classic, Los Angeles",7th,"$ 3,688",3688,7,1650.0,307478
2016-02-22,"$ 1,100 No Limit Hold'em Ironman #44World Poker Tour - WPT L.A Poker Classic, Los Angeles",6th,"$ 7,260",7260,6,1100.0,314738
2016-02-27,"$ 9,600 + 400 No Limit Hold'em WPT Championship #51World Poker Tour - WPT L.A Poker Classic, Los Angeles",37th,"$ 15,544",15544,37,9600.0,330282
2016-03-02,"$ 1,100 No Limit Hold'em Bounty Turbo #56World Poker Tour - WPT L.A Poker Classic, Los Angeles",4th,"$ 3,240",3240,4,1100.0,333522
2016-04-11,"$ 570 No Limit Hold'em - Double Black Chip Bounty #13World Poker Tour - WPT Seminole Hard Rock Poker Showdown, Hollywood",13th,"$ 49,108",49108,13,570.0,382630
2016-04-15,"$ 3,500 No Limit Hold'em - WPT Showdown Championship #18World Poker Tour - WPT Seminole Hard Rock Poker Showdown, Hollywood",10th,"$ 6,825",6825,10,3500.0,389455
2016-04-17,"$ 10,000 No Limit Hold'em - WPT Seminole Hard Rock Finale #22World Poker Tour - WPT Seminole Hard Rock Poker Showdown, Hollywood",36th,"$ 19,200",19200,36,10000.0,408655
2016-06-02,"$ 565 No Limit Hold'em Colossus II (Event #2)47th World Series of Poker - WSOP 2016, Las Vegas",69th,"$ 23,975",23975,69,565.0,432630
2016-06-06,"$ 1,500 No Limit 2-7 Draw Lowball (Event #7)47th World Series of Poker - WSOP 2016, Las Vegas",19th,"$ 2,500",2500,19,1500.0,435130
2016-06-17,"$ 1,100 No Limit Hold'em #33 BountyDeep Stack Extravaganza III, Las Vegas",31st,"$ 6,002",6002,31,1100.0,441132
2016-06-27,"$ 1,600 No Limit Hold'em #48Deep Stack Extravaganza III, Las Vegas",19th,"$ 30,192",30192,19,1600.0,471324
2016-07-05,"$ 5,000 No Limit Hold'em (Event #59)47th World Series of Poker - WSOP 2016, Las Vegas",56th,"$ 1,128",1128,56,5000.0,472452
2016-07-09,"$ 10,000 No Limit Hold'em Main Event Championship (Event #68)47th World Series of Poker - WSOP 2016, Las Vegas",109th,"$ 10,547",10547,109,10000.0,482999
2016-08-04,"$ 570 No Limit Hold'em - Deepstack Re-Entry (Event #10)2016 Seminole Hard Rock Poker Open, Hollywood",19th,"$ 1,480",1480,19,570.0,484479
2016-08-11,"$ 1,650 No Limit Hold'em - Heads-Up (Event #19)2016 Seminole Hard Rock Poker Open, Hollywood",4th,"$ 3,220",3220,4,1650.0,487699
2016-08-13,"$ 5,250 No Limit Hold'em - SHRPO Championship (Event #22)2016 Seminole Hard Rock Poker Open, Hollywood",53rd,"$ 5,530",5530,53,5250.0,493229
2016-09-01,"$ 1,000 + 100 No Limit Hold'em - Survivor Bounty Turbo (Event #6)2016 The River Poker Series, Thackerville",1st,"$ 6,560",6560,1,1000.0,499789
2016-09-06,"$ 500 + 60 No Limit Hold'em Deepstack (Event #1)World Poker Tour - WPT Borgata Poker Open, Atlantic City",224th,$ 953,953,224,500.0,500742
2016-09-18,"$ 3,300 + 200 No Limit Hold'em WPT Main Event (Event #16)World Poker Tour - WPT Borgata Poker Open, Atlantic City",13th,"$ 4,236",4236,13,3300.0,504978
2016-09-29,"$ 1,100 No Limit Hold'em #7World Poker Tour - WPT Maryland Live!, Hanover",9th,"$ 7,988",7988,9,1100.0,512966
2016-10-01,"$ 3,500 No Limit Hold'em - Main EventWorld Poker Tour - WPT Maryland Live!, Hanover",35th,"$ 2,000",2000,35,3500.0,514966
2016-12-10,"$ 1,500 + 175 No Limit Hold'em - Main Event (Event #11)WSOP Circuit - WSOPC Bicycle Casino, Los Angeles (Bell Gardens)",40th,"$ 9,209",9209,40,1500.0,524175
2017-01-07,"$ 2,000 + 200 No Limit Hold'em - PokerStars National Championship  (Event #12)PokerStars Championship Bahamas, Paradise Island",61st,"$ 7,460",7460,61,2000.0,531635
2017-01-08,"$ 4,717 + 283 No Limit Hold'em - PokerStars Championship Main Event (Event #23)PokerStars Championship Bahamas, Paradise Island",126th,"$ 98,761",98761,126,4717.0,630396
2017-01-11,"$ 1,000 + 75 No Limit Hold'em - Hyper Turbo Win the Button (Event #65)PokerStars Championship Bahamas, Paradise Island",3rd,"$ 16,833",16833,3,1000.0,647229
2017-01-13,"$ 2,000 + 200 No Limit Hold'em - 6 Max (Event #76)PokerStars Championship Bahamas, Paradise Island",14th,"$ 3,012",3012,14,2000.0,650241
2017-01-19,"$ 1,100 No Limit Hold'em #6 Main Event2017 WPTDeepStacks - WPTDS Lucky Hearts Poker Open, Hollywood",36th,"$ 7,392",7392,36,1100.0,657633
2017-01-22,"$ 2,500 No Limit Hold'em #102017 WPTDeepStacks - WPTDS Lucky Hearts Poker Open, Hollywood",12th,"$ 204,600",204600,12,2500.0,862233
2017-02-15,"$ 1,100 No Limit Hold'em #44World Poker Tour - WPT L.A. Poker Classic, Los Angeles",149th,$ 598,598,149,1100.0,862831
2017-03-08,"$ 1,100 No Limit Hold'em (Event #1)World Poker Tour - WPT Rolling Thunder, Lincoln",4th,"$ 8,210",8210,4,1100.0,871041
2017-03-12,"$ 3,500 No Limit Hold'em - WPT Main EventWorld Poker Tour - WPT Rolling Thunder, Lincoln",33rd,$ 616,616,33,3500.0,871657
2017-03-31,"$ 3,500 No Limit Hold'em WPT Showdown Championship (Event #19)Seminole Hard Rock Poker Showdown, Hollywood",129th,"C$ 10,000",10000,129,3500.0,881657
2017-04-02,"$ 10,000 No Limit Hold'em WPT Seminole Hard Rock Finale (Event #23)Seminole Hard Rock Poker Showdown, Hollywood",38th,"$ 6,948",6948,38,10000.0,888605
2017-04-21,"$ 350 + 50 No Limit Hold'em - Deepstack Black Chip Bounty (Event #2)Borgata Spring Poker Open, Atlantic City",26th,"$ 2,811",2811,26,350.0,891416
2017-05-31,"$ 10,000 No Limit Hold'em - Tag Team Championship (Event #2)48th World Series of Poker - WSOP 2017, Las Vegas",15th,"$ 2,766",2766,15,10000.0,894182
2017-06-02,"$ 565 No Limit Hold'em - The Colossus III (Event #5)48th World Series of Poker - WSOP 2017, Las Vegas",999th,"$ 4,394",4394,999,565.0,898576
2017-06-05,"$ 1,000 No Limit Hold'em - Tag Team (Event #10)48th World Series of Poker - WSOP 2017, Las Vegas",78th,"$ 44,395",44395,78,1000.0,942971
2017-06-06,"$ 1,500 No Limit 2-7 Lowball Draw (Event #13)48th World Series of Poker - WSOP 2017, Las Vegas",9th,"$ 55,977",55977,9,1500.0,998948
2017-06-09,"$ 565 Pot Limit Omaha (Event #18)48th World Series of Poker - WSOP 2017, Las Vegas",313th,"$ 21,497",21497,313,565.0,1020445
2017-06-09,"$ 365 No Limit Hold'em - The Giant (Event #19)48th World Series of Poker - WSOP 2017, Las Vegas",1110th,"$ 4,736",4736,1110,365.0,1025181
2017-06-10,"$ 1,500 No Limit Hold'em - Millionaire Maker (Event #20)48th World Series of Poker - WSOP 2017, Las Vegas",204th,"$ 1,177",1177,204,1500.0,1026358
2017-06-13,"$ 1,000 Pot Limit Omaha (Event #25)48th World Series of Poker - WSOP 2017, Las Vegas",15th,"A$ 26,965",26965,15,1000.0,1053323
2017-06-17,"$ 1,500 No Limit Hold'em (Event #33)48th World Series of Poker - WSOP 2017, Las Vegas",128th,"$ 7,878",7878,128,1500.0,1061201
2017-06-19,"$ 1,000 No Limit Hold'em (Event #37)48th World Series of Poker - WSOP 2017, Las Vegas",27th,"$ 424,625",424625,27,1000.0,1485826
2017-06-23,"$ 5,000 No Limit Hold'em (Event #45)48th World Series of Poker - WSOP 2017, Las Vegas",8th,$ 942,942,8,5000.0,1486768
2017-07-04,"$ 1,000 No Limit Hold'em (Event #65)48th World Series of Poker - WSOP 2017, Las Vegas",3rd,"$ 12,684",12684,3,1000.0,1499452
2017-07-07,"$ 1,000 No Limit Hold'em - WSOP.com Online Championship (Event #71)48th World Series of Poker - WSOP 2017, Las Vegas",43rd,"$ 17,500",17500,43,1000.0,1516952
2017-07-11,"$ 1,000 + 111 No Limit Hold'em - The Little One for One Drop (Event #74)48th World Series of Poker - WSOP 2017, Las Vegas",178th,"HK$ 99,500",99500,178,1000.0,1616452
2017-08-07,"$ 360 No Limit Hold'em - Black Chip Bounty (Event #5)2017 Seminole Hard Rock Poker Open, Hollywood",9th,"$ 1,134,202",1134202,9,360.0,2750654
2017-08-13,"$ 2,650 No Limit Hold'em (Event #12)2017 Seminole Hard Rock Poker Open, Hollywood",1st,"$ 185,112",185112,1,2650.0,2935766
2017-08-20,"€ 2,200 No Limit Hold'em - PokerStars National High Roller #15PokerStars Championship Barcelona, Barcelona",67th,"$ 2,333",2333,67,2200.0,2938099
2017-09-08,"C$ 2,000 + 200 No Limit Hold'em - WCC Canadian Poker Championship (Event #28)2017 World Cup of Cards, Kahnawake",30th,"$ 9,369",9369,30,2000.0,2947468
2017-10-23,"€ 550 Pot-Limit Omaha (Event #2)World Series of Poker Europe - WSOPE 2017, Rozvadov",69th,"A$ 2,920",2920,69,550.0,2950388
2017-10-27,"€ 550 No Limit Hold'em - The Colossus (Event #5)World Series of Poker Europe - WSOPE 2017, Rozvadov",83rd,"$ 3,049",3049,83,550.0,2953437
2017-11-20,"$ 5,000 + 300 No Limit Hold'em - #4 MILLIONS Main Eventpartypoker LIVE - partypoker Caribbean Poker Party, Punta Cana",65th,"$ 55,440",55440,65,5000.0,3008877
2017-12-02,"$ 1,500 + 120 No Limit Hold'em - Shot Clock -  ( Event #11 )World Poker Tour - WPT Five Diamond World Poker Classic, Las Vegas",9th,"$ 208,452",208452,9,1500.0,3217329
2017-12-05,"$ 10,000 + 400 No Limit Hold'em - WPT Main Event ( Event #18 )World Poker Tour - WPT Five Diamond World Poker Classic, Las Vegas",2nd,"$ 963,880",963880,2,10000.0,4181209
2017-12-12,"€ 5,300 No Limit Hold'em - Pokestars Championship Main Event ( Event #15 )PokerStars Championship Prague, Prague",10th,"$ 8,036",8036,10,5300.0,4189245
2018-01-22,"A$ 1,025 + 125 No Limit Holdem - Mix Max (Event #5)2018 Aussie Millions Poker Championship, Melbourne",23rd,"HK$ 7,560,000",7560000,23,1025.0,11749245
2018-02-03,"A$ 1,300 + 200 No Limit Holdem - Deep Freeze (Event #21)2018 Aussie Millions Poker Championship, Melbourne",5th,"$ 947,916",947916,5,1300.0,12697161
2018-02-26,"$ 10,000 No Limit Hold'em - Commerce High Roller TurboWorld Poker Tour - WPT L.A. Poker Classic, Los Angeles",3rd,"$ 110,312",110312,3,10000.0,12807473
2018-02-27,"$ 25,000 No Limit Hold'em - High Roller #63World Poker Tour - WPT L.A. Poker Classic, Los Angeles",1st,"$ 12,500",12500,1,25000.0,12819973
2018-03-17,"HK$ 400,000 No Limit hold'em - Super High Roller (Event #6)Asia Pacific Poker Tour - APPT Macau, Macau",1st,"$ 63,042",63042,1,400000.0,12883015
2018-03-21,"HK$ 20,000 No Limit Hold'em - (Event #13)Asia Pacific Poker Tour - APPT Macau, Macau",8th,"$ 49,882",49882,8,20000.0,12932897
2018-04-07,"€ 25,000 + 500 No Limit Hold'em - €25k Super High Roller  #2partypoker LIVE - partypoker MILLIONS Barcelona Grand Final, Barcelona",7th,"$ 239,000",239000,7,25000.0,13171897
2018-04-13,"€ 10,000 + 300 No Limit Hold'em - High Roller #9partypoker LIVE - partypoker MILLIONS Barcelona Grand Final, Barcelona",4th,"$ 2,160,000",2160000,4,10000.0,15331897
2018-05-30,"$ 10,000 No Limit Hold'em - Super Turbo Bounty (Event #2)49th World Series of Poker - WSOP 2018, Las Vegas",6th,"$ 2,763",2763,6,10000.0,15334660
2018-06-02,"$ 565 No Limit Hold'em - Colossus (Event #7)49th World Series of Poker - WSOP 2018, Las Vegas",59th,"$ 651,980",651980,59,565.0,15986640
2018-06-15,"$ 5,000 No Limit Hold'em - MSPT 5k #69DeepStack Championship Poker Series, Las Vegas",1st,"$ 532,139",532139,1,5000.0,16518779
2018-06-30,"$ 888 No Limit Hold'em - Crazy Eights (Event #62)49th World Series of Poker - WSOP 2018, Las Vegas",482nd,"$ 69,958",69958,482,888.0,16588737
2018-07-12,"$ 1,500 No Limit Hold'em - The Closer (Event #75)49th World Series of Poker - WSOP 2018, Las Vegas",326th,"$ 145,870",145870,326,1500.0,16734607
2018-08-12,"$ 2,650 No Limit Hold'em (Event #20)2018 Seminole Hard Rock Poker Open, Hollywood",1st,"A$ 96,480",96480,1,2650.0,16831087
2018-08-28,"€ 50,000 No Limit Hold'em (Event #17)European Poker Tour - EPT Barcelona, Barcelona",3rd,"$ 52,887",52887,3,50000.0,16883974
2018-08-29,"€ 2,200 No Limit Hold'em (Event #19)European Poker Tour - EPT Barcelona, Barcelona",28th,"$ 205,000",205000,28,2200.0,17088974
2018-09-01,"€ 25,000 No Limit Hold'em (Event #31)European Poker Tour - EPT Barcelona, Barcelona",4th,"$ 246,768",246768,4,25000.0,17335742
2018-10-01,"£ 5,000 + 300 No Limit Hold'em - Millions UK Main Event #2partypoker LIVE - partypoker MILLIONS Dusk Till Dawn, Nottingham",2nd,"$ 180,000",180000,2,5000.0,17515742
2018-10-22,"€ 2,250 + 250 No Limit Hold'em - King's Trophy EventWorld Series of Poker Europe - WSOPE 2018, Rozvadov",5th,"$ 175,000",175000,5,2250.0,17690742
2018-11-10,"$ 5,000 + 300 No Limit Hold'em - Caribbean Poker Party Main Eventpartypoker LIVE - partypoker Caribbean Poker Party, Nassau",82nd,"$ 174,650",174650,82,5000.0,17865392
2018-12-09,"$ 5,000 + 200 No Limit Hold'em (Event #18)World Poker Tour - WPT Five Diamond World Poker Classic, Las Vegas",1st,"$ 45,020",45020,1,5000.0,17910412
2018-12-13,"$ 5,000 + 200 No Limit Hold'em (Event #27)World Poker Tour - WPT Five Diamond World Poker Classic, Las Vegas",4th,"$ 280,323",280323,4,5000.0,18190735
2018-12-14,"$ 25,000 No Limit Hold'em - Bellagio 25K - 03 (Event #28)World Poker Tour - WPT Five Diamond World Poker Classic, Las Vegas",3rd,"$ 207,040",207040,3,25000.0,18397775
2018-12-17,"$ 300,000 No Limit Hold'emSuper High Roller Bowl, Las Vegas",2nd,"HK$ 2,200,000",2200000,2,300000.0,20597775
2019-01-08,"$ 25,000 No Limit Hold'em (Event #10)PokerStars Caribbean Adventure - PCA 2019, Paradise Island",11th,"$ 27,300",27300,11,25000.0,20625075
2019-01-09,"$ 50,000 No Limit Hold'em (Event #13)PokerStars Caribbean Adventure - PCA 2019, Paradise Island",2nd,"$ 1,729",1729,2,50000.0,20626804
2019-01-12,"$ 49,500 + 500 No Limit Hold'em (Event #24)PokerStars Caribbean Adventure - PCA 2019, Paradise Island",3rd,"$ 23,000",23000,3,49500.0,20649804
2019-02-03,"A$ 24,000 + 1,000 Pot Limit Omaha #242019 Aussie Millions Poker Championship, Melbourne",7th,"$ 2,257",2257,7,24000.0,20652061
2019-02-15,"$ 10,000 No Limit Hold'em - USPO #03 10K NLH (Event #3)2019 US Poker Open, Las Vegas",9th,"$ 545,000",545000,9,10000.0,21197061
2019-02-21,"$ 50,000 No Limit Hold'em - USPO #09 50K NLH (Event #9)2019 US Poker Open, Las Vegas",4th,"$ 2,164",2164,4,50000.0,21199225
2019-04-04,"$ 10,000 No Limit Hold'em - High RollerBellagio High Roller, Las Vegas",4th,"$ 681,737",681737,4,10000.0,21880962
2019-04-10,"$ 50,000 No Limit Hold'em - Super High Roller (Event #14)Seminole Hard Rock Poker Showdown, Hollywood",3rd,"$ 5,106",5106,3,50000.0,21886068
2019-04-15,"$ 25,500 No Limit Hold'em - High Roller (Event #23)Seminole Hard Rock Poker Showdown, Hollywood",2nd,"$ 1,953",1953,2,25500.0,21888021
2019-04-29,"€ 25,000 No Limit Hold'em (Event #16)European Poker Tour - EPT Monte Carlo, Monte Carlo",5th,"$ 15,111",15111,5,25000.0,21903132
2019-04-30,"€ 50,000 No Limit Hold'em (Event #20)European Poker Tour - EPT Monte Carlo, Monte Carlo",2nd,"$ 19,591",19591,2,50000.0,21922723
2019-05-09,"HK$ 250,000 No Limit Hold'em - Turbo (Event #12)Triton Poker Super High Roller Series Montenegro, Budva",2nd,"$ 19,631",19631,2,250000.0,21942354
2019-05-30,"$ 500 No Limit Hold'em - BIG 50 (Event #3)50th World Series of Poker - WSOP 2019, Las Vegas",1007th,"$ 4,843",4843,1007,500.0,21947197
2019-06-02,"$ 10,000 Short Deck No Limit Hold'em (Event #8)50th World Series of Poker - WSOP 2019, Las Vegas",12th,"$ 6,643",6643,12,10000.0,21953840
2019-06-02,"$ 400 No Limit Hold'em - WSOP.com Online (Event #7)50th World Series of Poker - WSOP 2019, Las Vegas",74th,"$ 182,400",182400,74,400.0,22136240
2019-06-09,"$ 1,500 8 Game Mix - 6-Handed (Event #23)50th World Series of Poker - WSOP 2019, Las Vegas",89th,"$ 30,014",30014,89,15008.0,22166254
2019-06-18,"$ 2,500 Mixed Big Bet (Event #43)50th World Series of Poker - WSOP 2019, Las Vegas",22nd,"$ 211,945",211945,22,2500.0,22378199
2019-06-23,"$ 800 No Limit Hold'em - Deepstack 8-Handed (Event #53)50th World Series of Poker - WSOP 2019, Las Vegas",202nd,"$ 88,800",88800,202,800.0,22466999
2019-06-24,"$ 1,500 No Limit Hold'em - Super Turbo Bounty (Event #56)50th World Series of Poker - WSOP 2019, Las Vegas",28th,"$ 19,083",19083,28,1500.0,22486082
2019-06-28,"$ 888 No Limit Hold'em - Crazy Eights (Event #64)50th World Series of Poker - WSOP 2019, Las Vegas",193rd,"$ 30,000",30000,193,888.0,22516082
2019-07-03,"$ 10,000 No Limit Hold'em - WSOP Main Event50th World Series of Poker - WSOP 2019, Las Vegas",40th,"$ 168,322",168322,40,10000.0,22684404
2019-07-13,"$ 10,000 No Limit Hold'em Championship 6-Handed (Event #86)50th World Series of Poker - WSOP 2019, Las Vegas",37th,"$ 80,000",80000,37,10000.0,22764404
2019-08-26,"€ 5,300 No Limit Hold'em - EPT Main Event (Event #22)European Poker Tour - EPT Barcelona, Barcelona",84th,"$ 107,240",107240,84,5300.0,22871644
2019-08-30,"€ 10,300 No Limit Hold'em - EPT High Roller (Event #43)European Poker Tour - EPT Barcelona, Barcelona",72nd,"$ 43,200",43200,72,10300.0,22914844
2019-08-31,"€ 25,000 No Limit Hold'em (Event #46)European Poker Tour - EPT Barcelona, Barcelona",4th,"$ 19,400",19400,4,25000.0,22934244
2019-10-10,"$ 20,000 No Limit Hold'em - High Roller (Event #15)World Poker Tour - WPT bestbet Bounty Scramble, Jacksonville",1st,"$ 41,577",41577,1,20000.0,22975821
2019-10-20,"€ 25,500 No Limit Hold'em - Platinum High Roller (Event #8)World Series of Poker Europe - WSOPE 2019, Rozvadov",6th,"$ 61,250",61250,6,25500.0,23037071
2019-10-25,"€ 10,350 No Limit Hold'em - WSOPE Main Event (Event #14)World Series of Poker Europe - WSOPE 2019, Rozvadov",26th,"$ 1,694,995",1694995,26,10350.0,24732066
2019-11-04,"$ 10,000 No Limit Hold'em - Poker Masters #1 $10K NLHE2019 Poker Masters, Las Vegas",12th,"$ 60,000",60000,12,10000.0,24792066
2019-11-06,"$ 10,000 Short Deck Hold'em - Poker Masters #3 $10K Short Deck2019 Poker Masters, Las Vegas",2nd,"$ 115,000",115000,2,10000.0,24907066
2019-11-12,"$ 25,000 No Limit Hold'em - Poker Masters #9 $25K NLHE2019 Poker Masters, Las Vegas",7th,"$ 34,400",34400,7,25000.0,24941466
2019-11-16,"$ 10,000 + 300 No Limit Hold'em - MILLIONS  High Rollerpartypoker LIVE - partypoker MILLIONS World Bahamas, Nassau",12th,"$ 39,178",39178,12,10000.0,24980644
2019-11-18,"$ 25,000 + 500 No Limit Hold'em - MILLIONS Super High Rollerpartypoker LIVE - partypoker MILLIONS World Bahamas, Nassau",17th,"$ 120,000",120000,17,25000.0,25100644
2019-11-19,"$ 10,000 + 300 No Limit Hold'em - MILLIONS Main Eventpartypoker LIVE - partypoker MILLIONS World Bahamas, Nassau",12th,"A$ 58,000",58000,12,10000.0,25158644
2019-12-10,"$ 10,000 No Limit Hold'em - Bellagio High Roller (Event #9)World Poker Tour - WPT Five Diamond World Poker Classic, Las Vegas",5th,"$ 185,500",185500,5,10000.0,25344144
2019-12-11,"$ 10,000 No Limit Hold'em - High RollerWorld Poker Tour - WPT Five Diamond World Poker Classic, Las Vegas",3rd,"$ 5,073",5073,3,10000.0,25349217
2019-12-13,"$ 10,000 No Limit Hold'em - Bellagio High Roller (Event #14)World Poker Tour - WPT Five Diamond World Poker Classic, Las Vegas",2nd,"$ 2,250",2250,2,10000.0,25351467
2019-12-14,"$ 5,000 + 200 No Limit Hold'em (Event #15)World Poker Tour - WPT Five Diamond World Poker Classic, Las Vegas",5th,"C$ 6,720",6720,5,5000.0,25358187
2019-12-15,"$ 25,000 No Limit Hold'em - Bellagio High Roller (Event #19)World Poker Tour - WPT Five Diamond World Poker Classic, Las Vegas",3rd,"$ 762,334",762334,3,25000.0,26120521
2019-12-16,"$ 10,000 + 400 No Limit Hold'em - WPT Five Diamond World Poker Classic (Event #22)World Poker Tour - WPT Five Diamond World Poker Classic, Las Vegas",1st,"$ 249,950",249950,1,10000.0,26370471
2020-01-04,"$ 1,000 + 100 No Limit Hold'em - MILLIONS Minipartypoker LIVE - partypoker MILLIONS UK, Nottingham",122nd,"A$ 1,111,590",1111590,122,1000.0,27482061
2020-01-10,"$ 10,000 + 300 No Limit Hold'em - High Rollerpartypoker LIVE - partypoker MILLIONS UK, Nottingham",3rd,"$ 41,600",41600,3,10000.0,27523661
2020-01-22,"A$ 98,000 + 2,000 No Limit Hold'em - 100K Challenge (Event #23)2020 Aussie Millions Poker Championship, Melbourne",2nd,"$ 299,934",299934,2,98000.0,27823595
2020-01-28,"A$ 25,000 Pot Limit Omaha (Event #4)Australian Poker Open, Gold Coast",5th,"$ 37,050",37050,5,25000.0,27860645
2020-01-31,"A$ 100,000 No Limit Hold'em (Event #7)Australian Poker Open, Gold Coast",3rd,"A$ 448,000",448000,3,100000.0,28308645
2020-02-21,"C$ 4,700 + 300 No Limit Hold'em - WPT Main EventWorld Poker Tour - WPT Fallsview, Niagara Falls",75th,"$ 141,750",141750,75,4700.0,28450395
2020-02-28,"$ 25,500 No Limit Hold'em - High RollerWorld Poker Tour - WPT L.A. Poker Classic (LAPC), Los Angeles",2nd,"$ 134,970",134970,2,25500.0,28585365
2020-03-03,"$ 25,000 No Limit Hold'em - PokerGO High Roller (Event #67)World Poker Tour - WPT L.A. Poker Classic (LAPC), Los Angeles",1st,"$ 102,600",102600,1,25000.0,28687965
2020-04-13,"$ 10,000 + 300 No Limit Hold'em - Poker Masters #03 (ONLINE)Poker Masters Online, Online",1st,"$ 309,677",309677,1,10000.0,28997642
2020-04-15,"$ 10,000 + 300 No Limit Hold'em - Poker Masters #08 (ONLINE)Poker Masters Online, Online",7th,"$ 161,850",161850,7,10000.0,29159492
2020-04-18,"$ 10,000 + 300 No Limit Hold'em - Poker Masters #14 (ONLINE)Poker Masters Online, Online",8th,"$ 26,400",26400,8,10000.0,29185892
2020-04-18,"$ 10,000 + 300 No Limit Hold'em - 6 Max - Poker Masters #13 (ONLINE)Poker Masters Online, Online",5th,"$ 44,200",44200,5,10000.0,29230092
2020-04-19,"$ 10,000 + 300 Pot Limit Omaha - Poker Masters #15 (ONLINE)Poker Masters Online, Online",4th,"$ 68,250",68250,4,10000.0,29298342
2020-04-22,"$ 25,000 + 500 No Limit Hold'em - Poker Masters #21 (ONLINE)Poker Masters Online, Online",4th,"$ 1,011",1011,4,25000.0,29299353
2020-04-22,"$ 10,000 + 300 No Limit Hold'em - Poker Masters #22 (ONLINE)Poker Masters Online, Online",2nd,"$ 150,150",150150,2,10000.0,29449503
2020-05-23,"$ 10,000 + 300 No Limit Hold'em - High Roller (Event #1)Super High Roller Bowl Online, Online",3rd,"$ 1,046",1046,3,10000.0,29450549
2020-05-24,"$ 10,000 + 300 No Limit Hold'em - High Roller (Event #6)Super High Roller Bowl Online, Online",2nd,"$ 1,518",1518,2,10000.0,29452067
2020-05-24,"$ 10,000 + 300 No Limit Hold'em - High Roller (Event #4)Super High Roller Bowl Online, Online",5th,"$ 66,250",66250,5,10000.0,29518317
2020-05-25,"$ 25,000 + 500 No Limit Hold'em - Super High Roller (Event #8)Super High Roller Bowl Online, Online",5th,"$ 119,000",119000,5,25000.0,29637317
2020-05-31,"$ 25,000 + 500 No Limit Hold'em - Super High Roller (Event #26)Super High Roller Bowl Online, Online",4th,"$ 148,000",148000,4,25000.0,29785317
2020-05-31,"$ 10,000 + 300 No Limit Hold'em - High Roller (Event #27)Super High Roller Bowl Online, Online",10th,"$ 7,950",7950,10,10000.0,29793267
2020-07-26,"$ 1,500 No Limit Hold'em (Event #39)World Series of Poker - WSOP Online 2020 at GGPoker, Online",45th,"$ 4,393",4393,45,1500.0,29797660
2020-07-26,"$ 400 No Limit Hold'em - COLOSSUS (Event #10)World Series of Poker - WSOP Online 2020 at GGPoker, Online",1169th,"$ 3,496",3496,1169,400.0,29801156
2020-07-26,"$ 400 Pot Limit Omaha - PLOSSUS (Event #42)World Series of Poker - WSOP Online 2020 at GGPoker, Online",411th,$ 697,697,411,400.0,29801853
2020-08-01,"$ 3,000 + 200 WPT World Championship 8-Max - Online (Event #3)World Poker Tour - WPT Online World Championship by partypoker, Online",53rd,"$ 11,788",11788,53,3000.0,29813641
2020-08-02,"$ 1,500 MILLIONAIRE MAKER (Event #48)World Series of Poker - WSOP Online 2020 at GGPoker, Online",567th,"$ 2,459",2459,567,1500.0,29816100
2020-08-02,"$ 500 Turbo Deepstack No Limit Hold'em (Event #49)World Series of Poker - WSOP Online 2020 at GGPoker, Online",222nd,"$ 1,323",1323,222,500.0,29817423
2020-08-08,"$ 3,000 + 200 WPT World Championship 6-Max - Online (Event #4)World Poker Tour - WPT Online World Championship by partypoker, Online",96th,"$ 5,396",5396,96,3000.0,29822819
2020-08-09,"$ 1,500 No Limit Hold'em - GGMasters WSOP High Roller Edition [Freezeout] (Event #56)World Series of Poker - WSOP Online 2020 at GGPoker, Online",214th,$ 906,906,214,1500.0,29823725
2020-08-09,"$ 8,000 No Limit Hold'em Asia Championship (Event #55)World Series of Poker - WSOP Online 2020 at GGPoker, Online",67th,"$ 5,665",5665,67,8000.0,29829390
2020-08-12,"$ 2,500 Double Stack No Limit Hold'em (Event #59)World Series of Poker - WSOP Online 2020 at GGPoker, Online",139th,"$ 5,478",5478,139,2500.0,29834868
2020-08-15,"$ 300 Monster Stack No Limit Hold'em 6-Handed (Event #61)World Series of Poker - WSOP Online 2020 at GGPoker, Online",361st,"$ 75,600",75600,361,300.0,29910468
2020-08-16,"$ 500 No Limit Hold'em Mini Main Event (Event #63)World Series of Poker - WSOP Online 2020 at GGPoker, Online",592nd,"$ 2,479",2479,592,500.0,29912947
2020-08-22,"$ 500 Deepstack No-Limit Hold'em (Event #68)World Series of Poker - WSOP Online 2020 at GGPoker, Online",172nd,"$ 60,000",60000,172,500.0,29972947
2020-08-23,"$ 1,500 Marathon No Limit Hold'em (Event #69)World Series of Poker - WSOP Online 2020 at GGPoker, Online",80th,"$ 4,397",4397,80,1500.0,29977344
2020-08-27,"$ 1,500 Pot Limit Omaha (Event #74)World Series of Poker - WSOP Online 2020 at GGPoker, Online",27th,"$ 88,400",88400,27,1500.0,30065744
2020-08-30,"$ 1,000 Turbo No Limit Hold'em 6-Handed (Event #78)World Series of Poker - WSOP Online 2020 at GGPoker, Online",115th,"$ 2,951",2951,115,1000.0,30068695
2020-09-06,"$ 100 No Limit Hold'em - WSOP MILLION$ (Event #84)World Series of Poker - WSOP Online 2020 at GGPoker, Online",500th,"$ 28,080",28080,500,100.0,30096775
2020-12-03,"$ 10,000 No Limit Hold'emWynn High Rollers, Las Vegas",4th,"$ 53,900",53900,4,10000.0,30150675
2020-12-10,"$ 10,000 No Limit Hold'emWynn High Rollers, Las Vegas",2nd,"$ 42,400",42400,2,10000.0,30193075
2020-12-17,"$ 10,000 No Limit Hold'emWynn High Rollers, Las Vegas",2nd,"$ 57,000",57000,2,10000.0,30250075
2020-12-18,"$ 10,000 No Limit Hold'emWynn High Rollers, Las Vegas",2nd,"$ 72,000",72000,2,10000.0,30322075
2020-12-19,"$ 10,000 No Limit Hold'emWynn High Rollers, Las Vegas",1st,"$ 108,000",108000,1,10000.0,30430075
2021-01-28,"$ 10,000 No Limit Hold'em - Aria High Roller 01PokerGO Tour - PGT Aria High Roller Series 2021, Las Vegas",2nd,"$ 72,000",72000,2,10000.0,30502075
2021-02-19,"$ 2,250 + 250 No Limit Hold'em - CPPT (Event #26)DeepStack Extravaganza, Las Vegas",6th,"$ 45,477",45477,6,2250.0,30547552
2021-03-19,"$ 9,500 + 500 No Limit Hold'em - LAPC Main Event  (Event #8)L.A. Poker Classic (LAPC), Los Angeles",7th,"$ 39,600",39600,7,9500.0,30587152
2021-03-31,"$ 10,000 No Limit Hold'em - Aria High Roller 11PokerGO Tour - PGT Aria High Roller Series 2021, Las Vegas",3rd,"$ 66,000",66000,3,10000.0,30653152
2021-04-01,"$ 10,000 No Limit Hold'em - Aria High Roller 12PokerGO Tour - PGT Aria High Roller Series 2021, Las Vegas",5th,"$ 46,406",46406,5,10000.0,30699558
2021-04-27,"$ 5,000 No Limit Hold'em - Deep Stack (Event #28)World Poker Tour - WPT Seminole Hard Rock Poker Showdown, Hollywood",11th,"$ 25,760",25760,11,5000.0,30725318
2021-05-07,"$ 25,000 No Limit Hold'em - Aria High Roller 17PokerGO Tour - PGT Aria High Roller Series 2021, Las Vegas",5th,"$ 75,000",75000,5,25000.0,30800318
2021-06-04,"$ 10,000 Pot Limit Omaha - U.S. Poker Open #2PokerGO Tour - 2021 PGT U.S. Poker Open, Las Vegas",7th,"$ 32,500",32500,7,10000.0,30832818
2021-06-06,"$ 10,000 Big Bet Mix - U.S. Poker Open #4PokerGO Tour - 2021 PGT U.S. Poker Open, Las Vegas",3rd,"$ 65,800",65800,3,10000.0,30898618
2021-06-09,"$ 10,000 No Limit Hold'em - U.S. Poker Open #7PokerGO Tour - 2021 PGT U.S. Poker Open, Las Vegas",5th,"$ 79,200",79200,5,10000.0,30977818
2021-06-11,"$ 10,000 No Limit Hold'em - U.S. Poker Open #9PokerGO Tour - 2021 PGT U.S. Poker Open, Las Vegas",9th,"$ 1,453",1453,9,10000.0,30979271
2021-06-15,"$ 25,000 No Limit Hold'em - Aria High Roller 19PokerGO Tour - PGT Aria High Roller Series 2021, Las Vegas",3rd,"$ 108,000",108000,3,25000.0,31087271
2021-06-25,"$ 10,000 No Limit Hold'em - Wynn MillionsThe Wynn Summer Classic, Las Vegas",57th,"$ 27,909",27909,57,10000.0,31115180
2021-07-06,"$ 10,000 No Limit Hold'em - PokerGO Cup #1PokerGO Tour - 2021 PGT PokerGO Cup, Las Vegas",1st,"$ 178,200",178200,1,10000.0,31293380
2021-07-09,"$ 15,000 No Limit Hold'em - PokerGO Cup #4PokerGO Tour - 2021 PGT PokerGO Cup, Las Vegas",4th,$ 705,705,4,15000.0,31294085
2021-07-12,"$ 50,000 No Limit Hold'em - PokerGO Cup #7PokerGO Tour - 2021 PGT PokerGO Cup, Las Vegas",3rd,"$ 280,000",280000,3,50000.0,31574085
2021-07-15,"$ 5,300 No Limit Hold'em - High Roller Freezeout ONLINE (WSOP Event #15)World Series of Poker - WSOP ONLINE 2021 (US ONLY), Online",4th,"$ 2,606",2606,4,5300.0,31576691
2021-07-17,"$ 400 No Limit Hold'em - 8-Max ONLINE (WSOP Event #17)World Series of Poker - WSOP ONLINE 2021 (US ONLY), Online",133rd,$ 648,648,133,400.0,31577339
2021-07-18,"$ 525 No Limit Hold'em - Monster Stack 8-Max (Event #3)World Series of Poker Circuit - WSOPC Summer Online Circuit Event at WSOP.com, Online",14th,"$ 2,813",2813,14,525.0,31580152
2021-07-18,"$ 1,000 No Limit Hold'em - North American Open ONLINE (WSOP Event #18)World Series of Poker - WSOP ONLINE 2021 (US ONLY), Online",93rd,"$ 45,147",45147,93,1000.0,31625299
2021-07-21,"$ 600 Pot Limit Omaha - 6-Handed ONLINE (WSOP Event #21)World Series of Poker - WSOP ONLINE 2021 (US ONLY), Online",3rd,"$ 2,512",2512,3,600.0,31627811
2021-07-22,"$ 250 No Limit Hold'em (Event #7)World Series of Poker Circuit - WSOPC Summer Online Circuit Event at WSOP.com, Online",25th,$ 494,494,25,250.0,31628305
2021-07-24,"$ 320 No Limit Hold'em - Double Stack (Event #9)World Series of Poker Circuit - WSOPC Summer Online Circuit Event at WSOP.com, Online",39th,"$ 187,000",187000,39,320.0,31815305
2021-07-25,"$ 500 No Limit Hold'em - The Big 500 Enore ONLINE (WSOP Event #26)World Series of Poker - WSOP ONLINE 2021 (US ONLY), Online",54th,"$ 1,610",1610,54,500.0,31816915
2021-07-26,"$ 1,000 Pot Limit Omaha Championship ONLINE (WSOP Event #27)World Series of Poker - WSOP ONLINE 2021 (US ONLY), Online",23rd,"$ 184,000",184000,23,1000.0,32000915
2021-07-27,"$ 3,200 No Limit Hold'em - High Roller Championship ONLINE (WSOP Event #28)World Series of Poker - WSOP ONLINE 2021 (US ONLY), Online",23rd,"$ 6,445",6445,23,3200.0,32007360
2021-07-31,"$ 1,000 No Limit Hold'em Championship ONLINE (WSOP Event #32)World Series of Poker - WSOP ONLINE 2021 (US ONLY), Online",4th,"$ 18,720",18720,4,1000.0,32026080
2021-08-08,"$ 2,650 No Limit Hold'em (Event #35)Seminole Hard Rock Poker Open (SHRPO), Hollywood",36th,"$ 6,775",6775,36,2650.0,32032855
2021-08-29,"$ 525 No Limit Hold'em - Main Event 8-Max (Event #10) ONLINEWorld Series of Poker Circuit - WSOPC Rio Online Circuit Event at WSOP.com, Online",18th,"$ 4,848",4848,18,525.0,32037703
2021-09-14,"$ 25,000 No Limit Hold'em - Poker Masters #8PokerGO Tour - 2021 PGT Poker Masters, Las Vegas",7th,"$ 71,250",71250,7,25000.0,32108953
2021-09-17,"$ 50,000 No Limit Hold'em - Poker Masters #11PokerGO Tour - 2021 PGT Poker Masters, Las Vegas",4th,"$ 27,860",27860,4,50000.0,32136813
2021-09-18,"$ 100,000 No Limit Hold'em - Poker Masters #12PokerGO Tour - 2021 PGT Poker Masters, Las Vegas",3rd,"$ 464,000",464000,3,100000.0,32600813
2021-09-26,"$ 50,000 No Limit Hold'em - Aria High Roller 22PokerGO Tour - PGT Aria High Roller Series 2021, Las Vegas",3rd,"$ 150,845",150845,3,50000.0,32751658
2021-09-29,"$ 25,000 No Limit Hold'em - Aria High Roller 23PokerGO Tour - PGT Aria High Roller Series 2021, Las Vegas",2nd,"$ 82,500",82500,2,25000.0,32834158
2021-10-03,"$ 5,300 No Limit Hold'em - Freezeout (Event #1) ONLINEWorld Series of Poker - 2021 WSOP Online Gold Bracelet Events, Online",8th,"$ 18,000",18000,8,5300.0,32852158
2021-10-03,"$ 500 No Limit Hold'em - BIG 500 (Event #2) ONLINEWorld Series of Poker - 2021 WSOP Online Gold Bracelet Events, Online",100th,$ 768,768,100,500.0,32852926
2021-10-11,"$ 2,200 No Limit Hold'em - Mystery BountyThe Wynn Fall Classic, Las Vegas",136th,"$ 157,500",157500,136,2200.0,33010426
2021-10-19,"$ 1,600 No Limit Hold'emThe Wynn Fall Classic, Las Vegas",12th,"$ 24,189",24189,12,1600.0,33034615
2021-10-29,"$ 3,500 No Limit Hold'em - ChampionshipThe Wynn Fall Classic, Las Vegas",31st,"$ 18,110",18110,31,3500.0,33052725
2021-11-04,"$ 10,000 No Limit Hold'em - Aria High Roller 29PokerGO Tour - PGT Aria High Roller Series 2021, Las Vegas",3rd,"$ 65,600",65600,3,10000.0,33118325
2021-11-07,"$ 10,000 No Limit Hold'em - Aria High Roller 32PokerGO Tour - PGT Aria High Roller Series 2021, Las Vegas",1st,"$ 153,615",153615,1,10000.0,33271940
2021-11-08,"$ 10,000 No Limit Hold'em - Aria High Roller 33PokerGO Tour - PGT Aria High Roller Series 2021, Las Vegas",7th,"$ 30,500",30500,7,10000.0,33302440
2021-11-12,"$ 10,000 No Limit Hold'em - Aria High Roller 37PokerGO Tour - PGT Aria High Roller Series 2021, Las Vegas",7th,"$ 39,000",39000,7,10000.0,33341440
2021-11-26,"$ 3,200 + 300 No Limit Hold'em - WPT Main EventWorld Poker Tour - WPT Rock 'N' Roll Poker Open, Hollywood",187th,"$ 5,560",5560,187,3200.0,33347000
2021-12-10,"$ 25,000 No Limit Hold'em - PokerGO Tour High Roller (Event #17)World Poker Tour - WPT Five Diamond World Poker Classic at Bellagio, Las Vegas",2nd,"$ 3,008",3008,2,25000.0,33350008
2021-12-11,"$ 25,000 No Limit Hold'em - PokerGO Tour High Roller (Event #20)World Poker Tour - WPT Five Diamond World Poker Classic at Bellagio, Las Vegas",2nd,"$ 97,500",97500,2,25000.0,33447508
2021-12-15,"$ 10,000 + 400 No Limit Hold'em - WPT Main EventWorld Poker Tour - WPT Five Diamond World Poker Classic at Bellagio, Las Vegas",90th,"$ 20,500",20500,90,10000.0,33468008
2022-01-05,"$ 10,000 No Limit Hold'em - Venetian High Roller #1PokerGO Tour - PGT Venetian High Rollers, Las Vegas",4th,"$ 37,400",37400,4,10000.0,33505408
2022-01-07,"$ 15,000 No Limit Hold'em - Venetian High Roller #3PokerGO Tour - PGT Venetian High Rollers, Las Vegas",1st,"$ 128,700",128700,1,15000.0,33634108
2022-01-17,"$ 25,000 + 500 No Limit Hold'em - Stairway to Millions #6PokerGO Tour - 2022 PGT Stairway to Millions, Las Vegas",3rd,"$ 100,000",100000,3,25000.0,33734108
2022-02-05,"$ 15,000 No Limit Hold'em - PokerGO Cup #4PokerGO Tour - 2022 PGT PokerGO Cup, Las Vegas",8th,"$ 8,374",8374,8,15000.0,33742482
2022-02-18,"$ 2,500 No Limit Hold'em - UltimateStack (Event 27)Venetian DeepStack Extravaganza I, Las Vegas",35th,"$ 6,782",6782,35,2500.0,33749264
2022-02-22,"$ 1,000 No Limit Hold'em - High Roller 6-Max (Event 5)World Series of Poker Circuit - WSOPC ONLINE Circuit, Online",12th,"$ 26,400",26400,12,1000.0,33775664
2022-02-23,"$ 320 No Limit Hold'em 6-Max (Event 6)World Series of Poker Circuit - WSOPC ONLINE Circuit, Online",44th,$ 510,510,44,320.0,33776174
2022-02-24,"$ 10,000 No Limit Hold'em - Aria High Roller #1PokerGO Tour - PGT Aria High Roller Series 2022, Las Vegas",6th,"$ 220,500",220500,6,10000.0,33996674
2022-02-25,"$ 10,000 No Limit Hold'em - Aria High Roller #2PokerGO Tour - PGT Aria High Roller Series 2022, Las Vegas",3rd,"$ 57,600",57600,3,10000.0,34054274
2022-02-26,"$ 15,000 No Limit Hold'em - Aria High Roller #3PokerGO Tour - PGT Aria High Roller Series 2022, Las Vegas",2nd,"$ 37,400",37400,2,15000.0,34091674
2022-02-27,"$ 525 No Limit Hold'em - Main Event 8-Max (Event 10)World Series of Poker Circuit - WSOPC ONLINE Circuit, Online",93rd,"$ 1,028",1028,93,525.0,34092702
2022-03-06,"$ 3,150 + 350 No Limit Hold'em - Ultimate Stack (Event #10)Venetian DeepStack Showdown Poker Series, Las Vegas",29th,"$ 57,009",57009,29,3150.0,34149711
2022-03-17,"$ 10,000 Pot Limit Omaha - US Poker Open #2PokerGO Tour - 2022 PGT U.S. Poker Open (USPO), Las Vegas",6th,"$ 46,200",46200,6,10000.0,34195911
2022-03-18,"$ 10,000 No Limit Hold'em - US Poker Open #3PokerGO Tour - 2022 PGT U.S. Poker Open (USPO), Las Vegas",11th,"$ 2,000",2000,11,10000.0,34197911
2022-03-22,"$ 15,000 No Limit Hold'em - US Poker Open #7PokerGO Tour - 2022 PGT U.S. Poker Open (USPO), Las Vegas",1st,"$ 283,500",283500,1,15000.0,34481411
2022-03-24,"$ 25,000 No Limit Hold'em - US Poker Open #9PokerGO Tour - 2022 PGT U.S. Poker Open (USPO), Las Vegas",3rd,"$ 3,218",3218,3,25000.0,34484629
2022-04-06,"$ 50,000 No Limit Hold'em - Super High Roller (Event 31)World Poker Tour - Seminole Hard Rock Poker Showdown, Hollywood",2nd,"$ 515,587",515587,2,50000.0,35000216
2022-05-05,"$ 10,000 No Limit Hold'em - Venetian High Roller #5PokerGO Tour - PGT Venetian High Rollers, Las Vegas",4th,"$ 88,118",88118,4,10000.0,35088334
2022-05-13,"$ 3,500 + 300 No Limit Hold'em - WPT Choctaw Championship (Event 64)World Poker Tour - WPT Choctaw, Durant",21st,"$ 17,500",17500,21,3500.0,35105834
2022-06-04,"$ 25,000 No Limit Hold'em - High Roller 8-Handed (Event #8)53rd World Series of Poker - WSOP 2022, Las Vegas",17th,$ 864,864,17,25000.0,35106698
2022-06-08,"$ 3,000 No Limit Hold'em (Event #16)53rd World Series of Poker - WSOP 2022, Las Vegas",5th,"$ 133,300",133300,5,3000.0,35239998
2022-06-12,"$ 1,000 No Limit Hold'em - Flip & Go Presented by GG Poker (Event #24)53rd World Series of Poker - WSOP 2022, Las Vegas",156th,"$ 8,085",8085,156,1000.0,35248083
2022-06-15,"$ 3,000 No Limit Hold'em - 6-Handed (Event #33)53rd World Series of Poker - WSOP 2022, Las Vegas",138th,"$ 5,254",5254,138,3000.0,35253337
2022-06-17,"$ 1,500 No Limit Hold'em - Millionaire Maker (Event #37)53rd World Series of Poker - WSOP 2022, Las Vegas",666th,"$ 40,000",40000,666,1500.0,35293337
2022-06-23,"$ 250,000 No Limit Hold'em - Super High Roller (Event #50)53rd World Series of Poker - WSOP 2022, Las Vegas",1st,"$ 4,563,700",4563700,1,250000.0,39857037
2022-06-27,"$ 1,500 Pot Limit Omaha Hi-Lo 8 or Better (Event #58)53rd World Series of Poker - WSOP 2022, Las Vegas",33rd,"$ 7,161",7161,33,1500.0,39864198
2022-06-27,"$ 10,000 No Limit Hold'em - Aria High Roller #8PokerGO Tour - PGT Aria High Roller Summer Series 2022, Las Vegas",1st,"$ 53,920",53920,1,10000.0,39918118
2022-06-28,"$ 500 No Limit Hold'em - Turbo Deepstack (NV/NJ Only)World Series of Poker - WSOP ONLINE 2022 (US ONLY), Online",189th,"$ 3,543",3543,189,500.0,39921661
2022-07-06,"$ 10,000 No Limit Hold'em - Aria High Roller #11PokerGO Tour - PGT Aria High Roller Summer Series 2022, Las Vegas",7th,"$ 18,400",18400,7,10000.0,39940061
2022-07-16,"$ 5,000 No Limit Hold'em (Event #87)53rd World Series of Poker - WSOP 2022, Las Vegas",86th,"$ 1,484",1484,86,5000.0,39941545
2022-07-17,"$ 1,000 No Limit Hold'em - Super Turbo (Event #88)53rd World Series of Poker - WSOP 2022, Las Vegas",48th,"$ 3,828",3828,48,1000.0,39945373
2022-07-18,"$ 10,000 No Limit Hold'em - Aria High Roller #19PokerGO Tour - PGT Aria High Roller Summer Series 2022, Las Vegas",3rd,"$ 144,400",144400,3,10000.0,40089773
2022-08-05,"$ 5,300 No Limit Hold'em - SHRPO Championship (Event 32)Seminole Hard Rock Poker Open (SHRPO), Hollywood",47th,"$ 17,875",17875,47,5300.0,40107648
2022-08-31,"$ 1,700 No Limit Hold'em - 8-Handed (Event 17)2022 WPT Seminole Hard Rock Tampa, Tampa",1st,"$ 1,427",1427,1,1700.0,40109075
2022-09-10,"$ 400 No Limit Hold'em Series Kick-Off ONLINE (Online Bracelet Event #1)World Series of Poker - WSOP ONLINE at WSOP.com (NV/NJ), Online",37th,"$ 1,169",1169,37,400.0,40110244
2022-09-11,"$ 3,200 No Limit Hold'em - High Roller ONLINE (Online Bracelet Event #3)World Series of Poker - WSOP ONLINE at WSOP.com (NV/NJ), Online",17th,"$ 5,315",5315,17,3200.0,40115559
2022-09-11,"$ 500 No Limit Hold'em - MonsterStack ONLINE (Online Bracelet Event #2)World Series of Poker - WSOP ONLINE at WSOP.com (NV/NJ), Online",122nd,$ 650,650,122,500.0,40116209
2022-09-15,"$ 320 No Limit Hold'em Knockout Freezeout ONLINE (Ring Event #2)World Series of Poker Circuit - WSOPC ONLINE Series, Online",8th,"$ 9,510",9510,8,320.0,40125719
2022-09-20,"$ 600 No Limit hold'em - Deepstack Championship ONLINE (Online Bracelet Event #9)World Series of Poker - WSOP ONLINE at WSOP.com (NV/NJ), Online",14th,"$ 2,475",2475,14,600.0,40128194
2022-09-22,"$ 10,000 No Limit Hold'em - Poker Masters #2PokerGO Tour - 2022 PGT Poker Masters, Las Vegas",2nd,"$ 158,587",158587,2,10000.0,40286781
2022-10-02,"$ 1,000 No Limit Hold'em - Turbo Deepstack ONLINE (Online Bracelet Event #18)World Series of Poker - WSOP ONLINE at WSOP.com (NV/NJ), Online",8th,"$ 6,780",6780,8,1000.0,40293561
2022-10-08,"$ 600 No Limit Hold'em - 6-Max ONLINE (Online Bracelet Event #21)World Series of Poker - WSOP ONLINE at WSOP.com (NV/NJ), Online",32nd,"$ 1,830",1830,32,600.0,40295391
2022-10-09,"$ 1,500 No Limit Hold'em - Freezeout ONLINE (Online Bracelet Event #23)World Series of Poker - WSOP ONLINE at WSOP.com (NV/NJ), Online",27th,"$ 2,449",2449,27,1500.0,40297840
2022-10-12,"$ 2,000 No Limit Hold'em - 8-Max ONLINE (Online Bracelet Event #25)World Series of Poker - WSOP ONLINE at WSOP.com (NV/NJ), Online",10th,"$ 153,000",153000,10,2000.0,40450840
2022-10-14,"$ 500 No Limit Hold'em - Super Turbo ONLINE (Online Bracelet Event #27)World Series of Poker - WSOP ONLINE at WSOP.com (NV/NJ), Online",48th,"$ 1,313",1313,48,500.0,40452153
2022-10-15,"$ 365 No Limit Hold'em - Monster Stack ONLINE (Online Bracelet Event #28)World Series of Poker - WSOP ONLINE at WSOP.com (NV/NJ), Online",6th,"$ 8,380",8380,6,365.0,40460533
2022-10-20,"$ 320 No Limit Hold'em - Knockout Freezeout ONLINE (Ring Event 5)World Series of Poker Circuit - WSOPC ONLINE Series, Online",37th,$ 355,355,37,320.0,40460888
2022-10-21,"$ 3,000 No Limit Hold'em - ChampionshipThe Wynn Fall Classic, Las Vegas",3rd,"$ 5,343",5343,3,3000.0,40466231
2022-11-27,"$ 1,200 No Limit Hold'em - Deep Stack - $500 Bounty (Event 33)WPT Rock 'N' Roll Poker Open, Hollywood",9th,"$ 4,715",4715,9,1200.0,40470946
2022-12-08,"$ 970 + 130 No Limit Hold'em - WPT Prime ChampionshipWorld Poker Tour - WPT World Championship at Wynn Las Vegas, Las Vegas",587th,$ 976,976,587,970.0,40471922
2022-12-15,"$ 2,750 + 250 No Limit Hold'emWorld Poker Tour - WPT World Championship at Wynn Las Vegas, Las Vegas",53rd,"$ 11,025",11025,53,2750.0,40482947
2022-12-21,"No Limit Hold'em - PGT Championship PokerGO Tour - 2022 PGT Championship, Las Vegas",12th,$ 760,760,12,,40483707
2023-01-05,"$ 1,600 No Limit Hold'em - CardPlayer Poker Tour (Event 53)DeepStack Extravaganza NYE, Las Vegas",52nd,"$ 3,938",3938,52,1600.0,40487645
2023-01-11,"$ 10,000 No Limit Hold'em - PokerGO Cup #1PokerGO Tour - 2023 PGT PokerGO Cup, Las Vegas",2nd,"$ 20,202",20202,2,10000.0,40507847
2023-01-17,"$ 25,000 No Limit Hold'em - PokerGO Cup #6PokerGO Tour - 2023 PGT PokerGO Cup, Las Vegas",1st,"$ 317,040",317040,1,25000.0,40824887
2023-01-20,"$ 3,500 No Limit Hold'em - Lucky Hearts Poker Open Championship (Event 28)2023 Lucky Hearts Poker Open, Hollywood",96th,"$ 25,800",25800,96,3500.0,40850687
2023-01-24,"$ 5,000 No Limit Hold'em - Deep Stack - 8-Handed (Event 41)2023 Lucky Hearts Poker Open, Hollywood",7th,"$ 17,000",17000,7,5000.0,40867687
2023-02-09,"$ 1,600 No Limit Hold'em - MSPT Poker Bowl (Event 54)Venetian DeepStack Showdown, Las Vegas",32nd,"$ 31,500",31500,32,1600.0,40899187
2023-02-17,"$ 1,700 No Limit Hold'em - Main Event (Ring Event 10)World Series of Poker Circuit - WSOPC Las Vegas, Las Vegas",2nd,"$ 140,512",140512,2,1700.0,41039699
2023-02-23,"$ 320 No Limit Hold'em - 6-Max (Online Ring Event 7)World Series of Poker Circuit - WSOPC Online Series, Online",17th,"$ 39,150",39150,17,320.0,41078849
2023-02-23,"$ 1,100 +$500 No Limit Hold'em - Mystery BountyWynn Millions Poker Series, Las Vegas",111th,"$ 2,585",2585,111,1100.0,41081434
2023-02-25,"$ 320 No Limit Hold'em - Double Stack (Online Ring Event 9)World Series of Poker Circuit - WSOPC Online Series, Online",38th,"$ 81,000",81000,38,320.0,41162434
2023-03-01,"$ 3,000 No Limit Hold'em - 6-MaxWynn Millions Poker Series, Las Vegas",2nd,"$ 112,006",112006,2,3000.0,41274440
2023-03-02,"$ 2,000 +$1,000 No Limit Hold'em - Progressive KOWynn Millions Poker Series, Las Vegas",4th,"$ 53,300",53300,4,2000.0,41327740
2023-03-03,"$ 3,500 No Limit Hold'em - Wynn Millions ChampionshipWynn Millions Poker Series, Las Vegas",42nd,"$ 19,368",19368,42,3500.0,41347108
2023-03-16,"$ 10,000 PLO/PLO8/Big O Mix (Event #6)PokerGO Tour - 2023 PGT PLO Series, Las Vegas",10th,"$ 57,000",57000,10,10000.0,41404108
2023-03-17,"$ 10,000 + 5,000 Pot Limit Omaha - Bounty (Event #7)PokerGO Tour - 2023 PGT PLO Series, Las Vegas",3rd,"$ 125,400",125400,3,10000.0,41529508
2023-03-23,"$ 10,000 No Limit Hold'em - U.S. Poker Open #1PokerGO Tour - 2023 U.S. Poker Open, Las Vegas",10th,"$ 5,975",5975,10,10000.0,41535483
2023-03-25,"$ 10,000 No Limit Hold'em - U.S. Poker Open #3PokerGO Tour - 2023 U.S. Poker Open, Las Vegas",13th,"$ 18,600",18600,13,10000.0,41554083
2023-03-30,"$ 15,000 No Limit Hold'em - U.S. Poker Open #7PokerGO Tour - 2023 U.S. Poker Open, Las Vegas",11th,"$ 1,566",1566,11,15000.0,41555649
2023-03-30,"$ 1,100 + $500 No Limit Hold'em - Mystery Bounty (Event 39)Venetian DeepStack Showdown, Las Vegas",1st,"$ 109,010",109010,1,1100.0,41664659
2023-03-31,"$ 25,000 No Limit Hold'em - U.S. Poker Open #8PokerGO Tour - 2023 U.S. Poker Open, Las Vegas",6th,"$ 2,931",2931,6,25000.0,41667590
2023-04-26,"$ 50,000 No Limit Hold'em - Super High Roller (Event 42)World Poker Tour - WPT Seminole Hard Rock Poker Showdown, Hollywood",2nd,"$ 282,573",282573,2,50000.0,41950163
2023-04-27,"$ 25,500 Pot Limit Omaha - High Roller (Event 45)World Poker Tour - WPT Seminole Hard Rock Poker Showdown, Hollywood",5th,"$ 9,621",9621,5,25500.0,41959784
2023-04-28,"$ 3,500 No Limit Hold'em - WPT Showdown Championship (Event 47)World Poker Tour - WPT Seminole Hard Rock Poker Showdown, Hollywood",154th,"$ 7,050",7050,154,3500.0,41966834
2023-05-01,"$ 25,500 No Limit Hold'em - High Roller (Event 55)World Poker Tour - WPT Seminole Hard Rock Poker Showdown, Hollywood",14th,"$ 1,044",1044,14,25500.0,41967878
2023-05-05,"$ 3,800 No Limit Hold'em - WPT Championship (Event 62)World Poker Tour - WPT Choctaw, Durant",9th,"$ 38,600",38600,9,3800.0,42006478
2023-05-10,"$ 3,000 No Limit Hold'em - Main Event (Event 19)The Lodge Championship Series, Round Rock",74th,"$ 1,751",1751,74,3000.0,42008229
2023-05-12,"$ 25,000 No Limit Hold'em - High Roller #4The Lodge Championship Series, Round Rock",1st,"$ 235,000",235000,1,25000.0,42243229
2023-05-21,"$ 525 No Limit Hold'em - Main Event - 8-Max (Online Ring Event 12)World Series of Poker Circuit - WSOPC ONLINE Circuit, Online",55th,"$1,566 ",1566,55,525.0,42244795
2023-06-04,"$ 1,000 No Limit Hold'em - Deepstack (Online Bracelet Event 3) (NV/NJ Only)World Series of Poker - WSOP ONLINE 2023 (US ONLY), Online",49th,"$ 22,421",22421,49,1000.0,42267216
2023-06-04,"$ 500 No Limit Hold'em - Bankroll Builder (Online Bracelet Event 2) (NV/NJ Only)World Series of Poker - WSOP ONLINE 2023 (US ONLY), Online",106th,"$ 1,660",1660,106,500.0,42268876
2023-06-09,"$ 50,000 No Limit Hold'em - High Roller - 8-Handed (Bracelet Event 23)54th World Series of Poker - WSOP 2023, Las Vegas",4th,"$ 512,824",512824,4,50000.0,42781700
2023-06-13,"$ 3,000 No Limit Hold'em - 6-Handed (Bracelet Event 32)54th World Series of Poker - WSOP 2023, Las Vegas",48th,"$ 3,567",3567,48,3000.0,42785267
2023-06-21,"$ 10,000 Pot Limit Omaha Championship - 8-Handed (Bracelet Event 50)54th World Series of Poker - WSOP 2023, Las Vegas",69th,"$ 20,110",20110,69,10000.0,42805377
2023-06-25,"$ 400 No Limit Hold'em - Ultra Deepstack (Online Bracelet Event 10) (NV/NJ Only)World Series of Poker - WSOP ONLINE 2023 (US ONLY), Online",204th,"C$ 3,977",3977,204,400.0,42809354
2023-06-26,"$ 3,000 No Limit Hold'em - Freezeout (Bracelet Event 59)54th World Series of Poker - WSOP 2023, Las Vegas",153rd,"$ 6,015",6015,153,3000.0,42815369
2023-07-02,"$ 1,000 No Limit Hold'em - Mini Main Event (Bracelet Event 74)54th World Series of Poker - WSOP 2023, Las Vegas",590th,"$ 1,410",1410,590,1000.0,42816779
2023-07-03,"$ 10,000 No Limit Hold'em - WSOP Main Event  (Bracelet Event 76)54th World Series of Poker - WSOP 2023, Las Vegas",457th,"$ 37,500",37500,457,10000.0,42854279
